{
    "experiment_name": "D_Filter_Size_3",
    "config": {
        "experiment_name": "pid_transformer_baseline",
        "dataset_name": "xsum",
        "subset": "3.0.0",
        "text_column": "document",
        "summary_column": "summary",
        "max_seq_len": 512,
        "vocab_size": 32000,
        "hidden_dim": 512,
        "control_dim": 128,
        "n_layers": 4,
        "kp": 0.0028520661590854,
        "ki": 0.00124054155389031,
        "kd": 0.0128053379221038,
        "windup_limit": 100.0,
        "d_filter_window_size": 3,
        "batch_size": 8,
        "learning_rate": 0.0001,
        "num_epochs": 1,
        "device": "cuda"
    },
    "results": {
        "total_time_seconds": 52.998960971832275,
        "final_loss": 1.8578099012374878,
        "average_loss": 3.3024955724477767,
        "min_loss": 0.9474835991859436
    }
}