{
    "experiment_name": "Endurance_GroupPID_Ortho_Lambda",
    "config": {
        "experiment_name": "Endurance_GroupPID_Ortho_Lambda",
        "dataset_name": "xsum",
        "subset": "3.0.0",
        "text_column": "document",
        "summary_column": "summary",
        "max_seq_len": 512,
        "vocab_size": 32000,
        "hidden_dim": 512,
        "n_layers": 4,
        "use_adaptive_dim": false,
        "dimension_switch_step": 250,
        "control_dim_large": 256,
        "control_dim_small": 128,
        "num_groups_large": 8,
        "num_groups_small": 4,
        "control_dim": 128,
        "use_group_pid": true,
        "num_groups": 4,
        "kp": 0.1,
        "ki": 0.01,
        "kd": 0.05,
        "windup_limit": 100.0,
        "d_filter_window_size": 3,
        "batch_size": 8,
        "learning_rate": 0.0001,
        "num_epochs": 1,
        "ortho_weight": 0.01
    },
    "results": {
        "total_time_seconds": 532.9970033168793,
        "final_avg_loss": 0.29388866275548936,
        "min_loss": 0.22849012911319733
    }
}