{
    "experiment_name": "GroupPID_Ortho",
    "config": {
        "experiment_name": "pid_transformer_baseline",
        "dataset_name": "xsum",
        "subset": "3.0.0",
        "text_column": "document",
        "summary_column": "summary",
        "max_seq_len": 512,
        "vocab_size": 32000,
        "hidden_dim": 512,
        "control_dim": 128,
        "n_layers": 4,
        "kp": 0.002852,
        "ki": 0.00124,
        "kd": 0.012805,
        "windup_limit": 100.0,
        "d_filter_window_size": 3,
        "use_group_pid": true,
        "num_groups": 4,
        "batch_size": 8,
        "learning_rate": 0.0001,
        "num_epochs": 1,
        "device": "cuda"
    },
    "results": {
        "total_time_seconds": 57.818822145462036,
        "final_loss": 1.8826574087142944,
        "average_loss": 3.4222414090633393,
        "min_loss": 1.2150768041610718
    }
}