{
    "experiment_name": "GSA_Hero_Model",
    "config": {
        "experiment_name": "GSA_Hero_Model",
        "dataset_name": "xsum",
        "subset": "3.0.0",
        "text_column": "document",
        "summary_column": "summary",
        "max_seq_len": 512,
        "vocab_size": 32000,
        "hidden_dim": 512,
        "n_layers": 4,
        "use_adaptive_dim": true,
        "dimension_switch_step": 2500,
        "control_dim_large": 256,
        "control_dim_small": 128,
        "num_groups_large": 8,
        "num_groups_small": 4,
        "control_dim": 128,
        "use_group_pid": true,
        "num_groups": 4,
        "kp": 0.002852,
        "ki": 0.00124,
        "kd": 0.012805,
        "windup_limit": 100.0,
        "d_filter_window_size": 3,
        "ortho_weight": 0.01,
        "use_gating": true,
        "batch_size": 8,
        "learning_rate": 0.0001,
        "num_epochs": 1,
        "num_steps": 1000,
        "log_freq": 20
    },
    "results": {
        "total_time_seconds": 131.43919849395752,
        "final_avg_loss": 1.1708954513072967,
        "min_loss": 0.9727575182914734
    }
}