{
    "experiment_name": "GSA_Baseline_NoControl",
    "config": {
        "experiment_name": "GSA_Baseline_NoControl",
        "dataset_name": "xsum",
        "subset": "3.0.0",
        "text_column": "document",
        "summary_column": "summary",
        "max_seq_len": 512,
        "vocab_size": 32000,
        "hidden_dim": 512,
        "n_layers": 4,
        "use_adaptive_dim": false,
        "dimension_switch_step": 2500,
        "control_dim_large": 256,
        "control_dim_small": 128,
        "num_groups_large": 8,
        "num_groups_small": 4,
        "control_dim": 128,
        "use_group_pid": false,
        "num_groups": 4,
        "kp": 0.0,
        "ki": 0.0,
        "kd": 0.0,
        "windup_limit": 100.0,
        "d_filter_window_size": 3,
        "ortho_weight": 0.0,
        "use_gating": false,
        "batch_size": 8,
        "learning_rate": 0.0001,
        "num_epochs": 1,
        "num_steps": 1000,
        "log_freq": 20
    },
    "results": {
        "total_time_seconds": 103.01411604881287,
        "final_avg_loss": 1.3634557843208313,
        "min_loss": 1.0303997993469238
    }
}