{
    "experiment_name": "Hero_Model_AdaptiveDim_Gating_5k",
    "config": {
        "experiment_name": "Hero_Model_AdaptiveDim_Gating_5k",
        "dataset_name": "xsum",
        "subset": "3.0.0",
        "text_column": "document",
        "summary_column": "summary",
        "max_seq_len": 512,
        "vocab_size": 32000,
        "hidden_dim": 512,
        "n_layers": 4,
        "use_adaptive_dim": true,
        "dimension_switch_step": 2500,
        "control_dim_large": 256,
        "control_dim_small": 128,
        "num_groups_large": 8,
        "num_groups_small": 4,
        "control_dim": 128,
        "use_group_pid": true,
        "num_groups": 4,
        "kp": 0.002852,
        "ki": 0.00124,
        "kd": 0.012805,
        "windup_limit": 100.0,
        "d_filter_window_size": 3,
        "ortho_weight": 0.01,
        "use_gating": true,
        "batch_size": 8,
        "learning_rate": 0.0001,
        "num_epochs": 1,
        "num_steps": 5000
    },
    "results": {
        "total_time_seconds": 581.6551921367645,
        "final_avg_loss": 0.2582856386899948,
        "min_loss": 0.1768510639667511
    }
}