{
    "experiment_name": "Ortho_Weight_0.01",
    "config": {
        "experiment_name": "pid_transformer_baseline",
        "dataset_name": "xsum",
        "subset": "3.0.0",
        "text_column": "document",
        "summary_column": "summary",
        "max_seq_len": 512,
        "vocab_size": 32000,
        "hidden_dim": 512,
        "control_dim": 128,
        "n_layers": 4,
        "kp": 0.002852,
        "ki": 0.00124,
        "kd": 0.012805,
        "windup_limit": 100.0,
        "d_filter_window_size": 3,
        "batch_size": 8,
        "learning_rate": 0.0001,
        "num_epochs": 1,
        "device": "cuda"
    },
    "results": {
        "total_time_seconds": 52.787667751312256,
        "final_loss": 1.2865711450576782,
        "average_loss": 3.2245098135471344,
        "min_loss": 1.0883015394210815
    }
}