{
    "experiment_name": "PID_Optimal",
    "config": {
        "experiment_name": "pid_transformer_baseline",
        "dataset_name": "xsum",
        "subset": "3.0.0",
        "text_column": "document",
        "summary_column": "summary",
        "max_seq_len": 512,
        "vocab_size": 32000,
        "hidden_dim": 512,
        "control_dim": 128,
        "n_layers": 4,
        "kp": 0.0028520661590854,
        "ki": 0.00124054155389031,
        "kd": 0.0128053379221038,
        "windup_limit": 100.0,
        "batch_size": 8,
        "learning_rate": 0.0001,
        "num_epochs": 1,
        "device": "cuda"
    },
    "results": {
        "total_time_seconds": 56.4651563167572,
        "final_loss": 2.0485129356384277,
        "average_loss": 3.280317706823349,
        "min_loss": 1.0556715726852417
    }
}