{
    "experiment_name": "PID_With_AntiWindup",
    "config": {
        "experiment_name": "pid_transformer_baseline",
        "dataset_name": "xsum",
        "subset": "3.0.0",
        "text_column": "document",
        "summary_column": "summary",
        "max_seq_len": 512,
        "vocab_size": 32000,
        "hidden_dim": 512,
        "control_dim": 128,
        "n_layers": 4,
        "kp": 0.1,
        "ki": 0.01,
        "kd": 0.05,
        "windup_limit": 100.0,
        "batch_size": 8,
        "learning_rate": 0.0001,
        "num_epochs": 1,
        "device": "cuda"
    },
    "results": {
        "total_time_seconds": 54.94752073287964,
        "final_loss": 1.6862518787384033,
        "average_loss": 3.3392052626609803,
        "min_loss": 1.1264225244522095
    }
}