{
    "experiment_name": "PID_Off_GPU",
    "config": {
        "experiment_name": "pid_transformer_baseline",
        "dataset_name": "xsum",
        "subset": "3.0.0",
        "text_column": "document",
        "summary_column": "summary",
        "max_seq_len": 512,
        "vocab_size": 32000,
        "hidden_dim": 512,
        "control_dim": 128,
        "n_layers": 4,
        "kp": 0.0,
        "ki": 0.0,
        "kd": 0.0,
        "batch_size": 8,
        "learning_rate": 0.0001,
        "num_epochs": 1,
        "device": "cuda"
    },
    "results": {
        "total_time_seconds": 54.092039346694946,
        "final_loss": 1.6458905935287476,
        "average_loss": 3.2466231861114503,
        "min_loss": 1.1710578203201294
    }
}