{
    "experiment_name": "PID_Off",
    "config": {
        "experiment_name": "pid_transformer_baseline",
        "dataset_name": "xsum",
        "subset": "3.0.0",
        "text_column": "document",
        "summary_column": "summary",
        "max_seq_len": 512,
        "vocab_size": 32000,
        "hidden_dim": 512,
        "control_dim": 128,
        "n_layers": 4,
        "kp": 0.0,
        "ki": 0.0,
        "kd": 0.0,
        "windup_limit": 100.0,
        "d_filter_window_size": 1,
        "batch_size": 8,
        "learning_rate": 0.0001,
        "num_epochs": 1,
        "device": "cuda"
    },
    "results": {
        "total_time_seconds": 51.806761741638184,
        "final_loss": 1.8317887783050537,
        "average_loss": 3.3519077055454254,
        "min_loss": 1.1614911556243896
    }
}